Location,Conductivity,DO (mg/L),Temperature (F),pH,DO (%),Turbidity (NTU),Alkalinity (mg/L)
Source,2293.131579,1.251282051,37.61307692,6.547894737,11.68421053,6.505714286,437.7777778
Pond 1 Outflow,2224.575,8.535365854,35.88097561,7.0545,80.79,83.56875,368.8888889
Pond 2 Outflow,2243.102564,9.75175,36.18625,7.146410256,89.53666667,74.27666667,406.6666667
Pond 3 Outflow,2223.75,11.87,36.8702439,7.28775,113.1025,44.95,384
Pond 4 Outflow,2225.179487,13.655,36.9004878,7.418,130.4871795,28.420625,431.4285714
Pond 5 Outflow,2218,14.61717949,37.7845,7.559487179,140.8105263,24.31451613,411.4285714
Wetland Outflow,2188.125,14.8975,37.89634146,7.79975,140.8461538,8.4828125,390
